Name,Price,Rating
N/A,N/A,N/A
N/A,N/A,N/A
N/A,N/A,N/A
"MOTOROLA Envision 109 cm (43 inch) Ultra HD (4K) LED Smart Android TV with Bezel-Less Design, Google V...","₹22,999",4.4
"MOTOROLA Envision 109 cm (43 inch) Full HD LED Smart Android TV with Android 11, Bezel-Less Design and...","₹18,999",3.8
LG 80 cm (32 inch) HD Ready LED Smart WebOS TV,"₹13,999",4.4
Infinix Y1 80 cm (32 inch) HD Ready LED Smart Linux TV with Wall Mount,"₹8,499",4.2
SAMSUNG 80 cm (32 Inch) HD Ready LED Smart Tizen TV with Bezel-free Design,"₹13,990",4.4
Mi 5A 80 cm (32 inch) HD Ready LED Smart Android TV with Dolby Audio (2022 Model),"₹13,499",4.4
realme 80 cm (32 inch) HD Ready LED Smart Android TV,"₹11,999",4.3
"SENS Pikaso 127 cm (50 inch) Ultra HD (4K) LED Smart Android TV with FluroSENS Panel, Dolby Audio and ...","₹24,999",4.1
Thomson Alpha 80 cm (32 inch) HD Ready LED Smart Linux TV with 30 W Sound Output & Bezel-Less Design,"₹8,499",4.4
OnePlus Y1S 80 cm (32 inch) HD Ready LED Smart Android TV with Android 11 and Bezel-Less Frame,"₹15,999",4.3
SAMSUNG The Frame 138 cm (55 inch) QLED Ultra HD (4K) Smart Tizen TV with Matte Display,"₹71,398",4.2
BeethoSOL 80 cm (32 inch) HD Ready LED TV,"₹6,949",4.1
"acer I Series 80 cm (32 inch) HD Ready LED Smart Android TV with Android 11, 1.5GB RAM (2022 Model)","₹11,999",4.4
iFFALCON by TCL 80.04 cm (32 inch) HD Ready LED Smart Android TV with Bezel-Less design & 24W Speaker,"₹10,999",4.2
realme 108 cm (43 inch) Full HD LED Smart Android TV with Android 11 - 2022 Model,"₹22,999",4.3
SENS 80 cm (32 inch) HD Ready LED Smart Linux TV with Dolby Audio,"₹8,999",4.1
Gangnam Street 108 cm (43 inch) Full HD LED Smart Android Based TV,"₹12,999",4.6
SAMSUNG The Frame 108 cm (43 inch) QLED Ultra HD (4K) Smart Tizen TV with Matte Display,"₹46,918",4.2
Vu Premium TV 108 cm (43 inch) Full HD LED Smart Android TV,"₹18,999",4.1
Mi X Series 108 cm (43 inch) Ultra HD (4K) LED Smart Android TV with Dolby Vision and 30W Dolby Audio ...,"₹28,999",4.3
BeethoSOL 60 cm (24 inch) HD Ready LED TV,"₹5,449",4.1
SAMSUNG The Frame 125 cm (50 inch) QLED Ultra HD (4K) Smart Tizen TV with Matte Display,"₹57,118",4.2
TCL 80.04 cm (32 inch) HD Ready LED Smart Android TV with Bezel Less & Extra Brightness,"₹11,990",4.1
OnePlus Y1S 101 cm (40 inch) Full HD LED Smart Android TV with Android 11 and Bezel-Less Frame,"₹21,999",4.3
N/A,N/A,N/A
N/A,N/A,N/A
N/A,N/A,4.1
N/A,N/A,N/A
